X;X;X;X;X;X;X;X;X;X;X;X;X;X;X;X;X;X;X;X;X;X;X;X;X;X;X;X;X;X;X;X;X;X;X;X;X;X;X;X;X;X;X;X;X;X;X;X;X;X;X;X;X;X;X;X;X;X;X;X;X;X;X;X;X;X;X;X;X;X;X;X;X;X;X;X;X;X;X;X;X;X;X;X;X;X;X;X;X;X;X;X;X;X;X;X;X;X;X;X;X;X;X;X;X;X;X;X;X;X;X;X;X;X;X;X;X
X;A51;;;;;;;;;;;;;;;;;;;;;;;;;;;;;;;;;;;;;;;;;;;;;;X;X;X;X;X;X;X;X;X;X;X;X;X;X;X;X;X;X;X;X;X;;;;;;;;;;;;;;;;;;;;;;;;;;;;;;;;;;;;;;;;;;;;;;;;;X
X;;;;;X;X;X;X;X;X;X;X;X;X;X;X;;;;;;;;;;;;;;;;;;;;;;;;;;;;;;;;X;X;X;X;X;X;X;X;X;X;X;X;X;X;X;X;X;X;X;;;;;;;;;;;;;;;;;;;;;;;;;;;;;;;;;;;;;;;;;;;;;;A33;;;;X
X;;;;;;;;X;X;X;X;X;X;X;X;X;X;X;X;X;;;;;;;;;;;;;;;;;;;;;;;;;;;;;;X;X;X;X;X;X;X;X;X;X;X;X;X;X;X;;;;;;;;;;;;;;;;;;;;;;;;;;;;;;;;;;;;;;;;;;;;;;;;;;;;X
X;X;X;X;X;X;X;;X;X;X;X;X;X;X;X;X;X;X;X;X;X;X;X;X;;;;;;;;;;;;;;;;;;;X;X;;;;;;;;X;X;X;X;X;X;X;X;X;X;X;X;;;;;;;;;;;;;;X;;X;X;;;;;;;;;;;;;X;X;X;X;;;;X;X;X;X;;;X;;;;X;;;;;;X
X;;;;;;;;;;;;;;;;X;X;X;X;X;X;X;X;;;;;;;;;;;;;;;;;;;;X;X;;;;;;;;;;X;X;X;X;X;X;X;X;X;;;;;;;;;;;;;X;X;X;;X;X;X;X;;;;;;;;;;;X;;;X;;;;X;;;X;;;X;;;X;;;;;;;X
X;X;X;X;X;X;X;X;X;X;X;X;X;;X;X;X;X;X;X;X;X;;;;;;;;;;;;;;;;;;;;;;;;X;X;;;;;;;;X;X;X;X;X;X;X;X;X;;;;;;;;;;;;X;X;X;X;;X;X;X;X;X;;;;;;;;;;X;;;X;;;;X;;;X;;;X;;X;;;;;X;;;X
X;;;;;;;;;;;;;;;;X;X;X;X;X;X;;;;;;;;;;;;;;;;;;;;;;;;X;X;;;;;;;;;X;X;X;X;X;X;X;;;;;;;;;;;X;X;X;X;X;X;;X;X;X;X;X;X;;;;;;;;;X;X;X;X;;;;X;X;X;X;;;X;X;;;;;;X;;;X
X;X;X;X;X;X;;X;X;X;X;X;X;X;X;X;X;X;X;X;X;X;X;;;;;;;;;;;;;;;;;;;;;;;;;X;;;;;;;;X;X;X;X;X;X;X;;;;;;;;;;;X;X;X;X;X;X;;X;X;X;X;X;;;;;;;;;;X;X;X;X;X;;;X;A33;;X;;;X;;;;;;;X;;;X
X;;;;;;;;;;;;;;;;X;X;X;X;X;X;X;X;;;;;;;;;;;;;;;;;;;;;;;;;;;;;;;;;X;X;X;X;;;;;;;;;;;;X;X;X;X;X;X;X;;X;X;X;X;X;X;X;;;;;;;;X;;;;X;;;X;;;X;;;X;X;;;;;;X;;;X
X;;X;X;X;X;X;X;X;X;X;X;X;X;X;X;X;X;X;X;X;X;X;X;X;;;;;;;;;;;;;;;;;;;;;;;;;;;;;;;;X;X;X;X;X;;;;;;;;;X;X;X;X;X;X;X;X;X;;X;X;X;X;X;X;X;X;X;;;;;;X;;;;X;;;X;;;X;;;X;;X;;;;;X;;;X
X;;;;;;;;;;;;;;;;X;X;X;X;X;X;X;X;;;;;;;;;;;;;;;;;;;;;;;;;;;;;;;;;;X;X;X;;;;;;;;;X;X;X;X;X;X;X;X;X;X;;X;X;X;X;X;X;X;X;X;X;;;;;X;;;;X;;;X;;;X;;;X;;;X;;;;X;;;X
X;X;X;X;X;X;X;X;X;;X;X;X;X;X;X;X;X;X;X;X;X;;;;;;;;;;;;;;;;;;;;;;;;;;;;;;;;;;;;;X;;;;;;;;;X;X;X;X;X;X;X;X;X;X;X;;X;X;X;X;X;X;X;X;X;X;X;X;;;X;X;X;X;X;;;X;;;X;;;X;;;;X;;;X;;;X
X;;;;;;;;;;;;;;;;X;X;;;;;;;;;;;;;;;;;;;;;;;;;;;;;;;;;;;;;;;;A35;;;;;;;;;X;X;X;X;X;X;X;X;X;X;X;X;;X;X;X;X;X;X;X;X;X;X;X;X;X;;;;;;;;;;;;;;;;;;;;;;;;;X
X;X;X;;X;X;X;X;X;X;X;X;X;X;X;X;X;A11;;;;;;;;;X;X;;;;;;;;;;;;;;;;;;;;;;;;;;;;;;;;;;;;;;;X;;;;;;;;;;;;;;;;;;;;;;;;X;X;;;;;;;;;;;;;;;;;;;;;;;;;X
X;;;;;;;;;;;;;;;;X;X;X;X;X;X;X;X;X;X;X;X;X;X;X;X;;;;;;;X;X;;;;;;;;;;;;;;;;;;;;;;;;;;;X;;X;X;X;X;X;X;X;X;X;X;X;X;X;X;X;X;X;X;;X;X;X;X;X;;;;X;;;;;;;;;;;;;;;;;;;;;X
X;X;X;X;X;X;X;X;X;X;X;X;A31;;;X;X;X;X;X;X;X;X;X;X;X;X;X;X;X;X;X;X;X;X;X;X;;X;X;;;;;;;;;;;;;;;;;;;;;;;;;;X;X;;X;X;X;X;X;X;X;X;X;X;X;X;X;X;X;X;X;X;;X;X;X;X;X;X;;X;X;X;;;X;X;X;;;;;X;;;;X;;;;;;X
X;X;X;X;X;X;X;X;X;X;X;;;;;;X;X;X;X;X;X;X;X;X;X;X;X;X;X;X;X;X;X;X;X;X;X;X;X;X;;;;;;;;;;;;;;;;;;;;;;;;;X;X;;X;X;X;X;X;X;X;X;X;X;X;X;X;X;X;X;X;X;;X;X;X;X;X;X;X;X;X;X;;X;X;X;X;X;X;X;X;X;X;;X;X;X;;;;;X
X;X;X;X;X;X;X;X;X;X;X;;;;;;X;X;X;X;X;X;X;X;X;X;X;X;X;X;X;X;X;X;X;X;X;X;X;X;X;;X;X;X;X;X;X;X;X;X;X;X;X;X;X;X;X;X;X;X;X;X;X;X;X;;;;;;;;;;;;;;X;X;X;X;X;X;X;;X;X;X;X;X;X;X;X;X;X;X;X;X;X;X;X;X;X;X;X;X;X;X;X;X;X;X;;X;X
X;X;X;X;X;X;X;X;X;X;X;;;;;;X;X;X;X;X;X;X;X;X;X;X;X;X;X;X;X;X;X;X;X;X;X;X;X;X;;X;X;X;X;X;X;X;X;X;X;X;X;X;X;X;X;X;X;X;X;X;X;X;X;X;X;X;X;;X;X;X;X;X;X;X;X;;;;;;;;;;;;;;;;;;;;;;;;;;;;;;;;;;;;C31;;X
X;X;X;X;X;X;X;X;X;X;X;;;;;;X;X;X;X;X;X;X;X;X;X;X;X;X;X;X;X;X;X;X;X;X;X;X;X;X;;X;;;;;;;;;;;;;;X;X;;;;;;;;;;;;;;;;;;;;X;X;X;X;X;X;X;X;X;X;X;X;X;X;X;X;X;X;X;X;X;X;X;X;X;X;;;;X;X;X;X;X;X;X;X;X;X;X
X;X;X;X;X;X;X;X;X;X;X;;;;;;X;X;X;X;X;X;X;X;X;X;X;X;X;X;X;X;X;X;X;X;X;X;X;X;X;;X;X;;X;X;X;X;X;X;X;X;X;X;;X;X;;X;X;X;X;X;X;X;X;X;X;X;X;X;X;X;X;X;X;X;X;X;X;X;X;X;X;X;X;X;X;X;X;X;X;X;X;X;X;X;X;X;X;X;X;;;;X;X;X;X;X;X;X;X;X;X;X
X;X;X;X;X;X;X;X;X;X;X;;;;;;X;X;X;X;X;X;X;X;X;X;X;X;X;X;X;X;X;X;X;X;X;X;X;X;X;;X;X;;X;X;X;X;X;;;;;;;;;;;;X;;;;;;;;;;;;;;;;;;;;;;;;;;;;X;X;X;X;X;X;X;X;X;X;X;X;X;X;;;;;;;;;;;;;;X
X;X;X;X;X;X;X;X;X;X;X;;;;;;X;X;X;X;X;X;X;X;X;X;X;X;X;X;X;X;X;X;X;X;X;X;X;X;X;;X;X;;X;X;X;X;X;X;;X;X;X;X;X;X;X;X;X;X;;;;;;;;;;;;;;;;;;;;;;;;;;;X;X;X;X;X;;;;X;X;X;X;X;;;;;;;;;;;;;;;;X
X;X;X;X;X;X;X;X;X;X;X;;;;;;X;X;X;X;X;X;X;X;X;X;X;X;X;X;X;X;X;X;X;X;X;X;X;X;X;;X;X;;X;X;X;X;X;X;;X;X;X;X;X;X;X;X;X;X;;;;;X;X;X;;;;;;;;;;;;;;;;;;;;X;X;X;X;X;;;;;X;X;X;;;;;;;;;;;;;;;;;X
X;X;X;X;X;X;X;X;X;X;X;;;;;;X;X;X;X;X;X;X;X;X;X;X;X;X;X;X;X;X;X;X;X;X;X;X;X;X;;X;X;;X;X;X; X;;;;;;X;X;;;;;;;;;;X;X;X;X;X;;;;;;;;;;;X;X;X;;;;;;X;X;X;X;X;;;;;;;;;;;;;;;;;;;;;;;;X
X;X;X;X;X;X;X;X;X;X;X;;;;;;X;X;X;X;X;X;X;X;X;X;X;X;X;X;X;X;X;X;X;X;X;X;X;X;X;;;;;X;X;;;;;A33;;;;;;;;;;;;;;X;X;X;X;X;;;;;;;;;;X;X;X;X;X;;;;;;X;X;X;;;;;;;;;;;;;;;;;;;;;;;;;X
X;X;X;X;X;X;X;X;X;X;;;;;;;;X;X;X;X;X;X;X;X;X;X;X;X;X;X;X;X;X;X;X;X;A33;;;X;;X;X;;X;X;;;;;;;;;;;;X;;;;;;;X;X;X;X;X;;;;;X;;;;;X;X;X;X;X;;;;;;;;;;;;;;;;;;;;;;;;;;;;;;;;;X
X;X;X;X;X;X;X;X;X;X;;;;;;;;;X;X;X;X;X;X;X;X;X;X;X;X;X;X;X;X;X;;;;;;X;;X;X;;X;X;;;;X;;;X;X;X;X;X;X;X;X;;;;;;X;X;X;;;;;;;X;;;;X;X;X;X;X;;;;;;;;;;;;;;;;;;;;;;;;;;;;;;;;;X
X;X;X;X;X;X;X;X;X;;;;;;;;;;;X;X;X;X;X;X;X;X;X;X;X;X;X;X;;;;;;;;;;X;X;;X;X;;;;X;;;X;X;;;;;X;X;;;;;;;;;;;;;;;X;X;;;;X;X;X;;;;;;;;;;;;;;;X;X;X;;;;;;;;;;;;;;;;;X
X;X;X;X;X;X;X;X;X;;;;;X;;;;;;;X;X;X;X;X;X;X;X;X;X;X;;;;;;;;;;X;;X;X;X;X;X;;;;X;;;;;;;;;;X;B33;;;;;;;;;;;;;;;;;;;;X;;;;;;;;;;;;;;;X;X;X;X;X;;;;;;;;;;;;;;;;X
X;X;X;X;X;X;X;X;;;;;;X;X;;;;;;;X;X;X;X;X;X;X;X;X;;;;;;;;;;;X;;X;X;;X;X;;;;X;;;;;;X;X;;;X;;;;;;;;;;;;;;;;;;;;X;X;X;;;;;;;;;;;;;;X;X;X;X;X;;;;;;;;;;;;;;;;X
X;X;X;X;X;X;X;X;;;;;;X;X;;;;;;;;X;X;X;X;X;X;X;X;;;;;;;;;;;X;;X;X;;X;X;;;;;X;;;;;X;X;;;X;X;;;;;;;;;;X;X;X;;;;;;X;X;X;X;X;;;;;;;;;;;;;X;X;X;X;X;;;;;;;;;;;;;;;;X
X;X;X;X;X;X;X;;;;;;;;;;;;;;;;;;X;X;X;X;X;;;;;;;;;;;;X;;X;X;;X;X;;;;;;X;X;;;;;;;X;X;X;;;;;;;;X;X;X;X;X;;;;;X;X;X;X;X;;;;;;X;X;X;;;;;;X;X;X;;;;;;;;;;;;;;;;;X
X;X;X;X;X;X;X;;;;;;;;;;;;;;;;;;;;X;;;;;;;;;;;;;;X;;X;X;;X;X;;;;;;;;X;;;;X;X;X;X;X;;;;;;;;X;X;X;X;X;;;;;X;X;X;X;X;;;;;X;X;X;X;X;;;;;;;;;;;;;;;;;;;;;;;;X
X;X;X;X;X;X;;;;;;;;;;;;;;;;;;;;;;;;;;;;;;;;;;;X;;;;;X;X;;;X;X;;;;;X;;X;X;X;X;X;X;X;;;;;;;X;X;X;X;X;;;;;;X;X;X;;;;;;X;X;X;X;X;;;;;;;;;;;;;;;;;X;X;X;X;X;X;X;X
X;X;X;X;X;X;X;X;;;;;;;;;;;;;;;;;;;;;;;;;;;;;;;;;X;;X;X;;X;X;;X;X;X;X;;;;X;;X;;;;X;X;X;X;;;;;;;X;X;X;;;;;;;;;;;;;;;X;X;X;X;X;;;;;;;;;;;;;;;;;;X;X;X;X;X;X;X
X;X;X;X;X;X;X;X;X;X;;;;;;;;;;;;;;;;;;;;;;;;;;;;;;X;X;;X;X;;X;X;;;X;X;X;;;;X;;X;;X;;X;X;X;X;;;;;;;;;;;;;;;;;;;;;;;;;X;X;X;;;X;X;X;;;;;;;;;;;;;;;X;X;X;X;X;X
X;X;X;X;X;X;X;X;X;X;X;X;;;;;;;;;;X;;X;;X;;;;;;;;;;;;;X;X;X;;X;X;;X;X;;;;X;;;;;X;;X;;X;;X;X;X;X;X;;;;;;;;;;;;;;;;;;;;;;;;;;;;X;X;X;X;X;;;;;;;;;;;;;;;X;X;X;X;X
X;X;X;X;X;X;X;X;X;X;X;X;X;X;;;;;;;;;A33;;;;;;;;;;;;;;;;X;X;X;;X;X;;X;X;;;;;;;;;X;;X;S;X;;X;X;X;X;X;;X;X;X;X;X;X;X;;;;;;;;;;;;;;;;;;;;X;X;X;X;X;;;;;;;;;;;;;;;;X;X;X;X
X;X;X;X;X;X;X;X;X;X;X;X;X;X;;;;;;;;;;;;;X;;;;;;;;;;;X;X;X;X;;X;X;;X;X;B33;;;;;;;X;X;;X;X;X;;X;X;X;X;X;;X;X;X;X;X;X;X;X;X;X;X;;;;;;;;;;;;;;;;X;X;X;X;X;;;;;;;;;;A33;;;;;;X;X;X;X
X;X;X;X;X;X;X;X;X;X;X;X;;;;;;;;;;X;;;;;;;;;;;;;;;;X;X;X;X;X;X;X;;X;X;;;;;;;X;X;X;;;;;;X;X;X;X;X;;X;X;X;X;X;X;X;X;X;X;X;X;X;;;;;;;;;;;;;;;X;X;X;;;;;;;;;;;;;;;;;X;X;X;X
X;X;X;X;X;X;X;X;X;X;;;;;;;;;;;;;;;;;X;;;;;;;;;;X;X;X;X;X;;X;X;;X;X;;;;;;X;X;X;X;X;X;X;X;X;X;X;X;X;X;;X;X;X;X;X;X;X;X;X;X;X;X;X;X;;;;;;;;;;;X;X;X;X;X;X;X;X;X;;;;;;;;;;;;;;;X;X;X
X;X;X;X;X;X;X;X;;;;;;;;;;;;;;;X;;X;;;;;;;;;;;;X;X;X;X;X;;;;;X;X;;;;;;;X;X;X;X;X;X;X;X;X;X;X;X;X;;X;X;X;X;X;X;X;X;X;X;X;X;X;X;X;X;X;X;X;X;X;X;X;X;X;X;X;X;X;X;X;X;X;X;;;;;;;;;;;;;;X;X;X
X;X;X;X;X;X;;;;;;;;;;;;;;;;;;;;;;;;;;;;;;X;X;X;X;X;X;;X;X;;X;X;X;;;;;;;X;X;X;X;X;X;X;X;X;X;X;X;;;;;;;X;X;X;X;X;X;;;;;;;;;;;;X;X;X;X;X;X;X;X;X;X;X;X;X;;;;;;;;;;;;;X;X;X
X;X;X;X;;;;;;;;;;;;;;;;;;;;;;;;;;;;;;;;X;X;X;X;X;X;;X;X;;X;X;X;;;;;;;;X;X;X;X;X;X;X;X;X;X;X;;X;X;X;X;;X;X;X;X;X;X;X;;X;X;X;X;;X;X;X;X;X;X;X;X;X;X;X;X;X;X;X;X;X;X;;;;;;;;;;;;X;X;X
X;X;;;;;;;;;;X;X;;;;;;;;;;;;;;;;;;;;;;X;X;X;X;X;X;X;;X;X;;X;X;X;X;;;;X;;;;X;X;X;X;X;X;X;X;X;X;;X;;;;;;;;;;;;;;;;X;;;;X;X;X;X;X;X;X;X;X;X;X;X;X;X;X;X;X;;;;;;;;;;;X;X;X
X;X;;;;;;;;;X;X;X;;;;;;;;;;;;;;;;;;;;;;X;X;X;X;X;X;X;;X;X;X;X;X;X;X;;;;X;;;;X;X;X;X;X;X;X;X;X;X;;X;X;X;X;X;X;X;X;X;X;X;X;X;X;X;X;X;;;;X;X;X;X;X;X;X;X;X;X;X;X;X;X;X;X;X;;;;;;;;;;;X;X;X
X;;;;;;;;;;;;;;;;;;;;;;;;;;;;;;;;;X;X;X;X;X;X;X;X;;X;X;X;X;X;X;X;X;;;;;;;;X;X;X;X;X;X;X;X;;;;X;X;X;X;X;X;X;X;X;X;X;X;X;X;X;X;;;X;X;X;X;X;;;;;;;;;;X;X;X;X;X;;;;;;;;;;X;X;X
X;X;;;;;;;;;;;;;;;;;;;;;;X;X;X;X;X;X;X;X;X;X;X;X;X;X;X;X;X;X;;X;X;X;X;X;X;X;X;;;;;;;X;X;X;X;X;X;X;X;X;;;;;X;X;X;X;X;X;X;X;X;X;X;X;X;X;;;;X;X;X;X;;;;;;;;;;;;X;X;X;X;;;;;;;;;;X;X;X
X;X;X;;;;;;;;;;;;;;;;;;X;X;X;X;X;X;X;X;X;X;X;X;X;X;X;X;X;X;X;X;X;;X;X;X;X;X;X;X;X;X;;;;;X;X;X;X;X;X;X;X;X;;;;;;;X;X;X;X;X;X;X;X;X;X;X;X;X;;;X;X;X;X;C33;;;;;;;;;;;;;X;X;X;X;;;;;;;;;X;X;X
X;X;X;;;;;;;;;;;;;;;X;X;X;X;X;X;X;X;X;X;X;X;X;X;X;X;X;X;X;X;X;X;X;X;;X;X;X;X;X;X;X;X;X;;;;;X;X;;X;X;X;X;X;X;;;;;;;;;X;X;X;X;X;X;X;X;X;X;;;;X;X;X;;;;;;;;;;;;;;;;X;X;X;;;;;;;;;X;X;X
X;X;;;;;;;;;;;;;X;X;X;X;X;X;X;X;X;X;X;X;X;X;X;X;X;X;X;X;X;X;X;X;X;X;X;;X;X;X;X;X;X;X;X;X;X;;;;;;;;X;X;X;X;;;;;;;;;;;;;X;X;X;X;X;X;X;;;X;X;X;;;;;;;;;;;;;;;;;;X;X;X;;;;X;;;;X;X;X
X;;;;;;;;;;;X;X;X;X;X;X;X;X;X;X;X;X;X;X;X;X;X;X;X;X;X;X;X;X;X;X;X;X;X;X;;X;X;X;X;X;X;X;X;X;X;;;;;;;;X;X;X;X;;;;;;;;;;;;;;X;X;X;X;X;X;;;X;X;X;;;;;;;;;;;;;;;C33;;;X;X;X;;;;X;;;;X;X;X
X;X;;;;;;;X;X;X;X;X;X;X;X;X;X;X;X;X;X;X;X;X;X;X;X;X;X;X;X;X;X;X;X;X;X;X;X;X;;X;X;X;X;X;X;X;X;X;X;X;;;;;;;;X;X;;;;;;;;;;;;;;;;X;X;X;X;X;;X;X;X;;;;;;;;;;;;;;;;;;;X;X;X;X;;;X;;;;X;X;X
X;X;;;;;;;X;X;X;X;X;X;X;X;X;X;X;X;X;X;X;X;X;X;X;X;X;X;X;X;X;X;X;X;X;X;X;X;X;;X;X;X;X;X;X;X;X;X;X;X;;;X;X;;;;X;X;;;;;;;;;;;;;;;;;;X;X;X;;;;;;;;;;;;;;;;;;;;;;;X;X;X;X;;;;;;;X;X;X
X;X;;;;;;X;X;X;X;X;X;X;X;X;X;X;X;X;X;X;X;X;X;X;X;X;X;X;X;X;X;X;X;X;X;X;X;X;X;;X;X;X;X;X;X;X;X;X;X;X;X;;;X;;;;;X;;;;;;;;;;;;;;;;;;;;X;X;X;X;X;;;;;;;;;;;;;;;;;;;X;X;X;X;;;;;;;X;X;X
X;X;A53;;;;;X;X;X;X;X;X;X;X;X;X;X;X;X;X;X;X;X;X;X;X;X;X;X;X;X;X;X;X;;;;X;X;X;;X;X;X;X;X;X;X;X;X;X;X;X;;;;;;;;;;;;;;;;;;;;;;;;;;;;;X;X;X;X;X;;;;;;;;;;;;;;;;;;X;X;X;;;;;;;;X;X;X
X;X;;;;;;X;X;X;X;X;X;X;X;X;X;X;X;X;X;X;X;X;X;X;X;X;X;X;X;X;X;X;;;;;;X;X;;X;X;X;X;X;X;X;X;X;X;X;X;X;;;;;;;;;;X;;;X;;;;;;;;;;;;;;;;;X;X;X;;;;;;;C33;;;;;;;;;;;X;X;X;;;;;;;;X;X;X
X;X;;;;;;;X;X;X;X;X;X;X;X;X;X;X;X;X;X;X;X;X;X;X;X;X;X;X;X;X;;;;;A33;;;X;;X;X;X;X;X;X;X;X;X;X;X;X;X;;;;;;;;;;;X;X;;;;;;;;;;;;;;;;;;;X;X;X;;;;;;;;;;;;;;;;X;X;X;;;;;;;;;X;X;X
X;X;;;;;;;X;X;X;X;X;X;X;X;X;X;X;X;X;X;X;X;X;X;X;X;X;X;X;X;X;;;;;;;;;;X;X;X;X;X;X;X;X;X;X;X;X;X;X;;;;;;;;;;X;X;;;;;;;;;;;;;;;;;;;X;X;X;X;;;;;;;;;;;;;;;X;X;X;;;;;;;;;X;X;X
X;X;;;;;;;;X;X;X;X;X;X;X;X;X;X;X;X;X;X;X;X;X;X;X;X;X;X;X;;;;;;;;;X;;X;X;X;X;X;X;X;X;X;X;X;X;X;X;X;;;;;;;;X;;;X;;;;;;;;A33;;;;;;;;;;;X;X;X;X;;;;;;;;;;;;;;X;X;;;;;;;;;;X;X;X
X;X;;;;;;;;X;X;X;X;X;X;X;X;X;X;X;X;X;X;X;X;X;X;X;X;X;X;X;;;;;;;;;X;;X;X;X;X;X;X;X;X;X;X;X;X;X;X;X;X;;;;;;;;;;;;;;;;;;;;;;;;;;;;;X;X;X;X;X;;;;;;;;;;X;;;;X;;;;;;;;;X;X;X;X
X;X;X;;;;;;;;X;X;X;X;X;X;X;X;X;X;X;X;X;X;X;X;X;X;X;X;X;;;;;;;;;;X;;X;X;;X;X;X;X;X;X;X;X;X;X;X;X;X;X;;;;;;;;;;;;;;;;;;;;;;;;;;;;;X;X;X;X;X;X;X;X;X;X;X;X;X;X;;;;;;;;;;;;;X;X;X;X
X;X;X;;;;;;;;X;X;X;X;X;X;X;X;X;X;X;X;X;X;X;X;X;X;X;X;X;;;;;;;;;;X;;X;X;;X;X;X;X;X;X;X;X;X;X;X;X;X;X;X;X;;;;;;;;;;;;;;;;;;;;;;;;;;;X;X;X;X;X;X;X;X;X;X;X;X;X;X;X;;;;;;;;;;;X;X;X;X;X
X;X;X;X;;;;;;;;X;X;X;X;X;X;X;X;X;X;X;X;X;X;X;X;X;X;X;;;;;;;;;;;X;;X;X;;X;X;X;X;X;X;X;X;X;X;X;X;X;X;X;X;X;X;X;X;X;X;X;X;X;;;;;;;;;;;;;;;;;;;X;X;X;X;X;X;X;X;X;X;X;X;X;X;X;;;;;;;;;X;X;X;X;X;X
X;X;X;X;;;;;;;;X;X;X;X;X;X;X;X;X;X;X;X;X;X;X;X;X;X;X;;;;;;;;;;;X;;X;X;;X;X;X;X;X;X;X;X;X;X;X;X;X;X;X;X;X;X;X;X;X;X;X;X;X;X;;;;;;;;;;;;;;;;;;;X;X;X;X;X;X;X;X;X;X;X;X;X;;;;;;;;;X;X;X;X;X;X;X
X;X;X;X;X;;;;;;;X;X;X;X;X;X;X;X;X;X;X;X;X;X;X;X;X;X;X;;;;;;;;;;;X;;X;X;;X;X;X;X;X;X;X;X;X;X;X;X;X;X;X;X;X;X;X;X;X;X;X;X;X;X;X;;;;;;;;;;;;;;;;;;;X;X;X;X;X;X;X;X;X;X;X;;;;;;;;X;X;X;X;X;X;X;X;X
X;X;X;X;X;;;;;;;;X;X;X;X;X;X;X;X;X;X;X;X;X;X;X;X;X;;;;;;;;;;;;X;;X;X;;X;X;X;X;X;X;X;X;X;X;X;X;X;X;X;X;X;X;X;X;X;X;X;X;X;X;X;X;;;;;;;;X;;;;;;;;;;;X;X;X;X;X;X;X;X;X;;;;;;;X;X;X;X;X;X;X;X;X;X;X
X;X;X;X;X;;;;;;;;X;X;X;X;X;X;X;X;X;X;X;X;X;X;X;X;X;;;;;;;;;;;;X;;;;;X;X;X;X;X;X;X;X;X;X;X;X;X;X;X;X;X;X;X;X;X;X;X;X;X;X;X;X;X;;;;;;;X;X;;;;;;;;;;;;;;;;;X;;;;;;;X;X;X;X;X;X;X;X;X;X;X;X
X;X;X;X;X;X;;;;;;;X;X;X;X;X;X;X;X;X;X;X;X;X;X;X;X;X;;;;;;;;;;;;X;X;X;X;;X;X;X;X;X;X;X;X;X;X;X;X;X;X;X;X;X;X;X;X;X;X;X;X;X;X;X;X;X;;;;;;;X;X;X;X;;;;;;;;;;;;;;;X;;;;;;;X;X;X;X;X;X;X;X;X;X;X;X
X;X;X;X;X;X;;;;;;;X;X;X;X;X;X;X;X;X;X;X;X;X;X;X;X;X;X;X;X;X;X;X;;;;;X;X;X;X;X;;X;X;X;X;X;X;X;X;X;X;X;X;X;X;X;X;X;X;X;X;X;X;X;X;X;X;X;X;;;;;;;;X;X;X;X;X;;;;;;;;;;;;;;;;;;;;X;X;X;X;X;X;X;X;X;X;X;X;X
X;X;X;X;X;X;X;;;;;;;X;X;X;X;X;X;X;X;X;X;X;X;X;X;X;X;X;X;X;X;X;X;;;;;X;X;X;X;X;;X;X;X;X;X;X;X;X;X;X;X;X;X;X;X;X;X;X;X;X;X;X;X;X;X;X;X;;;;;;;;;X;X;X;X;X;X;;;;;;;X;;;;;;;;;;;;X;X;X;X;X;X;X;X;X;X;X;X;X
X;X;X;X;X;X;;;;;;;A35;;;X;X;X;X;X;X;X;X;X;X;X;;;;;;;;;;;;;;X;X;X;X;X;;X;X;X;X;X;X;X;X;X;X;X;X;X;X;X;X;X;X;X;X;X;X;X;X;X;X;;;;;;;;;X;X;X;X;X;X;X;X;;;;;;X;;;;;;;;;;;X;X;X;X;X;X;X;X;X;X;X;X;X;X
X;X;X;X;X;;;;;;;;;;;;;;X;X;X;X;X;;;;;;;;;;;;;;;;X;X;X;X;X;X;;X;X;X;X;X;X;X;X;X;X;X;X;X;X;X;X;X;X;X;X;X;X;X;X;X;X;;;;;;;;X;X;X;X;X;X;X;X;X;X;X;X;X;X;X;X;X;X;X;X;X;X;X;X;X;X;X;X;X;X;X;X;X;X;X;X;X;X;X
X;X;X;X;X;;;;;X;X;;;;;;;;;;X;;;;;;;;;;;;;;;;;;X;X;X;X;X;X;;X;X;X;X;X;X;X;X;X;X;X;X;X;X;X;X;X;X;X;X;X;X;X;X;X;;;;;;;;X;X;X;X;X;X;X;X;X;X;X;X;X;X;X;X;X;X;X;X;X;X;X;X;X;X;X;X;X;X;X;X;X;X;X;X;X;X;X;X
X;X;X;X;X;X;;;X;X;X;X;;;;;;;;;;;;;;;;;;X;;;;;;;;X;X;X;X;X;X;X;;;;;;A31;;;;;;;;;;;;;;;;;;;;;;;;;;;X;X;X;X;X;X;X;X;X;X;X;X;X;X;X;X;X;X;X;X;X;X;X;X;X;X;X;X;X;X;X;X;X;X;X;X;X;X;X;X;X
X;X;X;X;X;X;X;X;X;X;X;X;X;;;;;;;;;;;;;;;;X;X;X;;;;;;X;X;X;X;X;X;X;X;X;X;X;X;X;X;X;X;X;X;X;X;X;X;X;X;X;X;X;X;X;X;X;X;X;X;X;X;X;X;X;X;X;X;X;X;X;X;X;X;X;X;X;X;X;X;X;X;X;X;X;X;X;X;X;X;X;X;X;X;X;X;X;X;X;X;X;X;X;X;X;X;X
X;X;X;X;X;X;X;X;X;X;X;X;X;X;X;X;X;X;X;X;X;X;X;X;X;X;X;X;X;X;X;X;X;X;X;X;X;X;X;X;X;X;X;X;X;X;X;X;X;X;X;X;X;X;X;X;X;X;X;X;X;X;X;X;X;X;X;X;X;X;X;X;X;X;X;X;X;X;X;X;X;X;X;X;X;X;X;X;X;X;X;X;X;X;X;X;X;X;X;X;X;X;X;X;X;X;X;X;X;X;X;X;X;X;X;X;X
