Question;Réponse 1;Réponse 2;Réponse 1.1 valeur;R 1.1;Réponse 2.1 valeur;R 2.1;Réponse 1.2 valeur;R 1.2;Réponse 2.2 valeur;R 2.2;;;;;
Tu préfères le jour ou la nuit ?;Jour;Nuit;capitaliste;10;capitaliste;-10;sansCategorie;0;sansCategorie;0;;;;mort;0
Devenir sourd ou devenir muet ?;Sourd;Muet;sansCategorie;0;sansCategorie;0;sansCategorie;0;sansCategorie;0;;;;rapportAuxAutres;15
Mourir aujourd'hui ou mourir demain ?;Aujourd'hui;Demain;sansCategorie;0;sansCategorie;0;sansCategorie;0;sansCategorie;0;;;;rapportASoi;14
Sauver un adulte ou un bébé ?;Adulte;Bébé;tradiProgres;-10;tradiProgres;10;sansCategorie;0;sansCategorie;0;;;;natureHumaine;12
Se téléporter ou lire dans les pensées ?;Se téléporter;Lire dans les pensées;sansCategorie;0;rapportAuxAutres;-10;sansCategorie;0;sansCategorie;0;;;;spiritualite;9
Les animaux rêvent quand ils dorment;Oui;Non;sansCategorie;0;cartesien;10;sansCategorie;0;sansCategorie;0;;;;ego;18
L'IA pourra penser pour de vrai;Oui;Non;cartesien;10;natureHumaine;10;sansCategorie;0;sansCategorie;0;;;;tradiProgres;15
On possède un âme;Oui;Non;spiritualite;20;sansCategorie;0;sansCategorie;0;sansCategorie;0;;;;art;10
Est-ce que tu me fais confiance ?;Oui;Non;cartesien;5;sansCategorie;0;sansCategorie;0;sansCategorie;0;;;;morale;15
Quel est le pire, remord ou regret ?;Remord;Regret;sansCategorie;0;sansCategorie;0;sansCategorie;0;sansCategorie;0;;;;education;11
Tu penses avoir réussi ta vie;Oui;Non;ego;10;capitaliste;5;spiritualite;10;sansCategorie;0;;;;bonheur;14
Tu es productif;Oui;Non;capitaliste;10;sansCategorie;0;sansCategorie;0;sansCategorie;0;;;;roleEtat;13
Tout à un sens;Oui;Non;cartesien;15;spiritualite;10;sansCategorie;0;sansCategorie;0;;;;egaliteEquite;13
Le libre arbitre existe;Oui;Non;sansCategorie;0;deterministe;15;sansCategorie;0;sansCategorie;0;;;;justice;12
Le destin existe;Oui;Non;deterministe;20;sansCategorie;0;sansCategorie;0;sansCategorie;0;;;;roleCitoyen;8
Il y a quelque chose après la mort;Oui;Non;spiritualite;20;cartesien;10;sansCategorie;0;sansCategorie;0;;;;cartesien;18
Il existe une forme de vérité absolue;Oui;Non;spiritualite;10;sansCategorie;0;cartesien;10;sansCategorie;0;;;;capitaliste;8
L'Homme est bon par nature;Oui;Non;natureHumaine;20;natureHumaine;-20;fermete;-10;fermete;10;;;;fermete;19
La peine de mort peut être justifiée;Oui;Non;fermete;20;fermete;-10;sansCategorie;0;sansCategorie;0;;;;deterministe;5
Chien ou chat ?;Chien;Chat;rapportAuxAutres;5;independance;5;sansCategorie;0;sansCategorie;0;;;;independance;5
L'art doit choquer;Oui;Non;art;10;art;-5;sansCategorie;0;sansCategorie;0;;;;;
L'art est utile;Oui;Non;art;15;art;-15;sansCategorie;0;sansCategorie;0;;;;;
Est-ce que tu t'aimes ?;Oui;Non;ego;10;ego;-20;sansCategorie;0;sansCategorie;0;;;;;
La technologie nous dépasse;Oui;Non;cartesien;-10;cartesien;5;sansCategorie;0;sansCategorie;0;;;;;
C'était mieux avant;Oui;Non;tradiProgres;-20;tradiProgres;10;sansCategorie;0;sansCategorie;0;;;;;
Tu es souvent nostalgique;Oui;Non;sansCategorie;0;sansCategorie;0;sansCategorie;0;sansCategorie;0;;;;;
La famille ou les amis ?;La famille;Les amis;sansCategorie;0;sansCategorie;0;sansCategorie;0;sansCategorie;0;;;;;
Le bonheur est quantifiable;Oui;Non;cartesien;10;spiritualite;10;sansCategorie;0;sansCategorie;0;;;;;
Tu te sens plus intelligent que la moyenne;Oui;Non;ego;10;ego;-10;sansCategorie;0;sansCategorie;0;;;;;
Tu as plus d'égo que la moyenne;Oui;Non;ego;15;ego;-10;sansCategorie;0;sansCategorie;0;;;;;
Tu te sens compris.e;Oui;Non;rapportAuxAutres;10;rapportAuxAutres;-10;bonheur;10;bonheur;-10;;;;;
La réussite ne peut exister qu'au prix de nombreux échecs;Oui;Non;capitaliste;10;capitaliste;-10;sansCategorie;0;sansCategorie;0;;;;;
Toute pratique peut-être artistique;Oui;Non;art;10;art;-10;sansCategorie;0;sansCategorie;0;;;;;
L'art doit-être beau;Oui;Non;art;-10;art;10;sansCategorie;0;sansCategorie;0;;;;;
Il y a certaines choses chez moi que je ne pourrais jamais changer;Oui;Non;ego;10;ego;-10;sansCategorie;0;sansCategorie;0;;;;;
La vie a un sens;Oui;Non;spiritualite;10;spiritualite;-20;sansCategorie;0;sansCategorie;0;;;;;
Tout le monde est beau;Oui;Non;sansCategorie;0;sansCategorie;0;sansCategorie;0;sansCategorie;0;;;;;
Tout le monde est intérresant;Oui;Non;rapportAuxAutres;5;rapportAuxAutres;-5;sansCategorie;0;sansCategorie;0;;;;;
Le talent existe;Oui;Non;deterministe;10;deterministe;-10;sansCategorie;0;sansCategorie;0;;;;;
Je suis destiné à ressembler à mes parents;Oui;Non;deterministe;10;deterministe;-10;education;-10;education;10;;;;;
Tu pourrais manger ton plat préféré tous les jours;Oui;Non;sansCategorie;0;sansCategorie;0;sansCategorie;0;sansCategorie;0;;;;;
Tu pourrais survivre plus longtemps que la moyenne sur une île déserte;Oui;Non;ego;10;ego;-5;sansCategorie;0;sansCategorie;0;;;;;
Tu aimerais devenir célébre;Oui;Non;ego;10;ego;-10;RapportASoi;-10;RapportASoi;10;;;;;
Tu pourrais être heureux.e seul.e;Oui;Non;independance;20;independance;-10;bonheur;10;bonheur;-5;;;;;
Tu préfères connaître le grand amour ou devenir ultra riche ?;Grand amour;Richesse;sansCategorie;0;capitaliste;10;sansCategorie;0;independance;10;;;;;
Tu crois en l'âme soeur;Oui;Non;sansCategorie;0;sansCategorie;0;sansCategorie;0;sansCategorie;0;;;;;
Tu crois au coup de foudre;Oui;Non;sansCategorie;0;sansCategorie;0;sansCategorie;0;sansCategorie;0;;;;;
L'amour peut-être inconditionnel;Oui;Non;sansCategorie;0;sansCategorie;0;sansCategorie;0;sansCategorie;0;;;;;
Tu préfères perdre tous les souvenirs que tu as des gens que tu aimes ou qu'ils perdent tous leurs souvenirs de toi ?;Tu perds tes souvenirs;Les autres t'oublient;sansCategorie;0;sansCategorie;0;sansCategorie;0;sansCategorie;0;;;;;
Les animaux ont une conscience;Oui;Non;cartesien;-5;cartesien;10;sansCategorie;0;sansCategorie;0;;;;;
Parfois, la violence est la meilleure solution;Oui;Non;morale;-10;morale;10;justice;10;justice;-10;;;;;
Qui gagne entre un bouledog et un cheval ?;Le bouledog;Le cheval;sansCategorie;0;sansCategorie;0;sansCategorie;0;sansCategorie;0;;;;;
Toutes les addictions sont néfastes;Oui;Non;RapportASoi;-10;RapportASoi;10;sansCategorie;0;sansCategorie;0;;;;;
On naît tous avec un cerveau vierge ?;Oui;Non;natureHumaine;10;natureHumaine;-10;education;10;education;-10;;;;;
Il peut-être moral de censurer;Oui;Non;morale;10;morale;-10;sansCategorie;0;sansCategorie;0;;;;;
Sous une averse, on se prend plus de gouttes en courant ou en marchant ?;En courant;En marchant;sansCategorie;0;sansCategorie;0;sansCategorie;0;sansCategorie;0;;;;;
La routine te fais peur;Oui;Non;bonheur;-10;bonheur;10;tradiProgres;10;tradiProgres;-10;;;;;
La discipline est plus utile que l'intelligence;Oui;Non;fermete;10;fermete;-10;sansCategorie;0;sansCategorie;0;;;;;
Il vaut toujours mieux être seul que mal accompagné;Oui;Non;RapportASoi;10;RapportASoi;-10;sansCategorie;0;sansCategorie;0;;;;;
Il existe des choses fondamentalement moches;Oui;Non;tradiProgres;-5;tradiProgres;5;sansCategorie;0;sansCategorie;0;;;;;
Selon vous l'univers a une fin;Oui;Non;sansCategorie;0;sansCategorie;0;sansCategorie;0;sansCategorie;0;;;;;
Est-ce que tu te sens toi-même ?;Oui;Non;RapportASoi;10;RapportASoi;-10;bonheur;10;bonheur;-10;;;;;
L'humanité rentrera en contact avec d'autres formes de vie;Oui;Non;sansCategorie;0;sansCategorie;0;sansCategorie;0;sansCategorie;0;;;;;
Tout le monde est capable de changer;Oui;Non;tradiProgres;10;tradiProgres;-10;deterministe;-10;deterministe;10;;;;;
L'Etat te protège;Oui;Non;fermete;10;fermete;-10;sansCategorie;0;sansCategorie;0;;;;;
Pourrais tu renoncer à tes valeurs pour sauver quelqu'un qui t'es cher;Oui;Non;morale;-10;morale;10;sansCategorie;0;sansCategorie;0;;;;;
Il y a forcément des pauvres et des riches dans un système fonctionnel ;Oui;Non;capitaliste;10;capitaliste;-10;fermete;10;fermete;-10;;;;;
Si la technologie le permettait, tu aimerais être cryogénisé;Oui;Non;sansCategorie;0;sansCategorie;0;sansCategorie;0;sansCategorie;0;;;;;
Tu aimerais être immortel;Oui;Non;sansCategorie;0;sansCategorie;0;sansCategorie;0;sansCategorie;0;;;;;
Le suicide est immoral;Oui;Non;morale;-10;morale;10;sansCategorie;0;sansCategorie;0;;;;;
Existe-t-il une personne vivante dont tu souhaite la mort ?;Oui;Non;justice;-10;bonheur;10;fermete;10;morale;10;;;;;
Si c'était possible, tu aimerais acquérir tout le savoir du monde;Oui;Non;cartesien;10;sansCategorie;0;ego;10;sansCategorie;0;;;;;
Est-ce que le monde irait mieux si tout le monde était exactement comme toi ?;Oui;Non;RapportASoi;10;sansCategorie;0;ego;10;sansCategorie;0;;;;;
Tu préfèrerais ressembler à tout le monde ou être absolument différent de tout le monde ?;Ressembler à tout le monde;Etre différent;sansCategorie;0;sansCategorie;0;sansCategorie;0;sansCategorie;0;;;;;
Plutôt supprimer les livres ou films ?;Les livres;Les films;sansCategorie;0;sansCategorie;0;sansCategorie;0;sansCategorie;0;;;;;
Tout progrès est bon à prendre;Oui;Non;cartesien;10;cartesien;-10;tradiProgres;10;tradiProgres;-10;;;;;
Est-ce tu penses être suffisamment objectif à propos de toi ?;Oui;Non;ego;10;sansCategorie;0;sansCategorie;0;sansCategorie;0;;;;;
Tu pourrais être heureux sans voyager;Oui;Non;rapportAuxAutres;-5;rapportAuxAutres;10;bonheur;10;bonheur;5;;;;;
Tu penses que tes parents sont fiers de toi;Oui;Non;sansCategorie;0;sansCategorie;0;sansCategorie;0;sansCategorie;0;;;;;
Tes meilleures années sont derrière toi;Oui;Non;bonheur;-10;bonheur;10;tradiProgres;-10;tradiProgres;10;;;;;
Le regard des autres te préoccupe;Oui;Non;RapportASoi;-5;RapportASoi;10;sansCategorie;0;sansCategorie;0;;;;;
Si une chose est populaire, ça veut dire qu'elle est bien;Oui;Non;art;-5;art;10;sansCategorie;0;sansCategorie;0;;;;;
Voyager dans le passé ou dans le futur ?;Passé;Futur;tradiProgres;-10;tradiProgres;10;sansCategorie;0;sansCategorie;0;;;;;
Tu es plus fasciné par l'infiniment petit ou l'infiniment grand ?;Infiniment petit;Infiniment grand;sansCategorie;0;sansCategorie;0;sansCategorie;0;sansCategorie;0;;;;;
Est-ce que tu as un ou plusieurs secrets que tu n'a jamais dit à personne;Oui;Non;sansCategorie;0;sansCategorie;0;sansCategorie;0;sansCategorie;0;;;;;
On a moins de problèmes quand on est enfant;Oui;Non;bonheur;-10;independance;10;sansCategorie;0;sansCategorie;0;;;;;
Est-ce que tu te parles tout.e seul.e à voix haute ?;Oui;Non;sansCategorie;0;sansCategorie;0;sansCategorie;0;sansCategorie;0;;;;;
"Qu'est-ce qui est une plus grosse ""tromperie"" : une connexion émotionelle ou une aventure physique ?";Emtionel;Physique;sansCategorie;0;sansCategorie;0;sansCategorie;0;sansCategorie;0;;;;;
Est-ce que tu t'ennuies facilement ?;Oui;Non;independance;-10;independance;10;bonheur;-5;bonheur;10;;;;;
Tu as déjà trahi quelqu'un d'important pour toi ?;Oui;Non;rapportAuxAutres;-10;rapportAuxAutres;10;sansCategorie;0;sansCategorie;0;;;;;
Tu penses te sentir plus souvent coupable que les autres ?;Oui;Non;ego;10;ego;-10;RapportASoi;-10;RapportASoi;10;;;;;
Une bonne hygiène de vie est nécessaire au bonheur;Oui;Non;fermete;10;fermete;-10;bonheur;10;bonheur;-10;;;;;
Toute inégalité est injuste;Oui;Non;egaliteEquite;-10;egaliteEquite;10;justice;-10;justice;10;;;;;
Selon toi, il y a plus d'astres dans la galaxie ou de grains de sable sur terre ?;Galaxie;Sable;sansCategorie;0;sansCategorie;0;sansCategorie;0;sansCategorie;0;;;;;
Il faut aider les personnes qui le souhaitent à mourir;Oui;Non;justice;10;justice;-10;morale;10;morale;-10;;;;;
On est jamais mieux servi que par soi-même;Oui;Non;independance;10;independance;-5;ego;10;ego;-5;;;;;
Pour prendre une décision, tu a tendance à suivre ton coeur ou à suivre ta tête ?;Ton coeur;Ta tête;sansCategorie;0;cartesien;10;sansCategorie;0;sansCategorie;0;;;;;
Tu préfères mourir brûlé.e ou en te noyant ?;Brulé.e;Noyade;sansCategorie;0;sansCategorie;0;sansCategorie;0;sansCategorie;0;;;;;
Tu aimerais vivre sans aucune responsabilité ?;Oui;Non;bonheur;10;bonheur;-10;independance;10;independance;-10;;;;;
Est-ce que tu aimes les enfants ?;Oui;Non;sansCategorie;0;sansCategorie;0;sansCategorie;0;sansCategorie;0;;;;;
Le progrès scientifique est la boussole de l'humanité;Oui;Non;cartesien;10;cartesien;-10;tradiProgres;-10;tradiProgres;10;;;;;
Tout le monde mérite une deuxième chance ?;Oui;Non;justice;10;justice;-10;fermete;-10;fermete;10;;;;;
Tu pourrais tenir plus longtemps que la moyenne face à la torture;Oui;Non;ego;10;ego;-5;sansCategorie;0;sansCategorie;0;;;;;
Il existe un contexte dans lequel tu pourrais tuer quelqu'un;Oui;Non;morale;-10;morale;10;justice;-10;justice;10;;;;;
Se remettre avec un.e ex peut être une bonne idée;Oui;Non;tradiProgres;-10;tradiProgres;10;sansCategorie;0;sansCategorie;0;;;;;
Tu es pessimiste ou optimiste ?;Pessimiste;Optimiste;sansCategorie;0;sansCategorie;0;sansCategorie;0;sansCategorie;0;;;;;
Il est plus important que chacun parte avec les mêmes chances que de garantir que tous arrivent au même niveau;Oui;Non;egaliteEquite;-10;egaliteEquite;10;sansCategorie;0;sansCategorie;0;;;;;
Les politiques de discrimination positive sont nécessaires pour rétablir un équilibre;Oui;Non;egaliteEquite;10;egaliteEquite;-10;tradiProgres;-10;tradiProgres;10;;;;;
L'État devrait intervenir pour réduire les écarts de richesse, même si cela freine certains méritants;Oui;Non;roleEtat;10;roleEtat;-10;egaliteEquite;10;egaliteEquite;-10;;;;;
Il est facile de trancher ce qui est de la responsabilité de l'enseignant et ce qui est de la responsabilité des parents;Oui;Non;roleEtat;10;roleEtat;-10;sansCategorie;0;sansCategorie;0;;;;;
Tu préfères aider personnellement un proche dans le besoin plutôt que de financer un système qui aide des inconnus.;Oui;Non;rapportAuxAutres;-10;rapportAuxAutres;10;roleEtat;-10;roleEtat;10;;;;;
La sélection par tirage au sort est plus juste que la sélection sur dossier pour la fac;Oui;Non;egaliteEquite;-10;egaliteEquite;10;sansCategorie;0;sansCategorie;0;;;;;
Un revenu universel permettrait une forme d’égalité réelle plus juste que la simple égalité devant la loi;Oui;Non;justice;10;justice;-10;roleEtat;10;roleEtat;-10;;;;;
Garantir l'égalité des chances est possible;Oui;Non;egaliteEquite;10;sansCategorie;0;cartesien;-5;cartesien;5;;;;;
Des compétitions sportives où le dopage serait autorisé seraient intéressantes ;Oui;Non;egaliteEquite;5;egaliteEquite;-5;sansCategorie;0;sansCategorie;0;;;;;
Tu prèfères savoir comment tu va mourir ou savoir quand tu va mourir ?;Comment;Quand;sansCategorie;0;sansCategorie;0;sansCategorie;0;sansCategorie;0;;;;;
Un bébé pleure toujours pour une raison particulière;Oui;Non;education;10;education;-10;sansCategorie;0;sansCategorie;0;;;;;
La personnalité d'un adulte est la conséquence de ses premières années de vie;Oui;Non;education;10;education;-10;deterministe;10;deterministe;-10;;;;;
Les professeurs sont légitimes à enseigner la morale;Oui;Non;sansCategorie;0;sansCategorie;0;roleEtat;10;roleEtat;-10;;;;;
Il est parfois bon de mentir à un enfant pour le préserver;Oui;Non;education;-10;education;10;morale;10;morale;-10;;;;;
En lui présentant les choses de la bonne manière, un enfant peut tout comprendre;Oui;Non;education;10;education;-10;sansCategorie;0;sansCategorie;0;;;;;
Les enfants sont plus honnêtes que les adultes;Oui;Non;sansCategorie;0;sansCategorie;0;natureHumaine;10;natureHumaine;-10;;;;;
Il faudrait interdire à certaines personnes de faire des enfants;Oui;Non;fermete;10;fermete;-10;morale;10;morale;-10;;;;;
Un enfant est capable de savoir ce qui est bon pour lui;Oui;Non;education;10;education;-10;natureHumaine;10;natureHumaine;-10;;;;;
L'école sert à apprendre son rôle de citoyen;Oui;Non;roleEtat;10;roleEtat;-10;roleCitoyen;10;roleCitoyen;-10;;;;;
L'école sert à découvrir sa passion;Oui;Non;roleEtat;10;roleEtat;-10;sansCategorie;0;sansCategorie;0;;;;;
Certains enfants ne sont pas faits pour l'école;Oui;Non;education;10;education;-10;tradiProgres;-10;tradiProgres;10;;;;;
Tous les enfants doivent suivre le même programme scolaire jusqu'à un certain âge;Oui;Non;egaliteEquite;-10;egaliteEquite;10;roleEtat;10;roleEtat;-10;;;;;
Les enfants qui font un bloquage sur des matières scolaires ont eu de mauvais profs;Oui;Non;natureHumaine;10;natureHumaine;-10;egaliteEquite;-10;egaliteEquite;10;;;;;
Il est facile de trancher ce qui est de la responsabilité de l'enseignant et ce qui est de la responsabilité des parents;Oui;Non;roleEtat;10;roleEtat;-10;sansCategorie;0;sansCategorie;0;;;;;
La punition est parfois nécessaire pour éduquer un enfant;Oui;Non;education;-10;education;10;fermete;10;fermete;-10;;;;;
Tout enfant a été soit harceleur soit harcelé;Oui;Non;sansCategorie;0;sansCategorie;0;sansCategorie;0;sansCategorie;0;;;;;
Il faudrait revoir les programmes scolaires tous les ans;Oui;Non;sansCategorie;0;sansCategorie;0;sansCategorie;0;sansCategorie;0;;;;;
Les programmes scolaires servent à cristaliser et transmettre les connaissances les plus fondamentales d'une société;Oui;Non;roleCitoyen;10;roleCitoyen;-10;roleEtat;10;roleEtat;-10;;;;;
Tu aurais ton BAC si tu le repassais aujourd'hui;Oui;Non;ego;10;ego;-10;sansCategorie;0;sansCategorie;0;;;;;
Les adolescents se spécialisent trop tôt;Oui;Non;roleCitoyen;-10;roleCitoyen;10;sansCategorie;0;sansCategorie;0;;;;;
Ne pas avoir de passion est un désaventage en société;Oui;Non;roleCitoyen;10;roleCitoyen;-10;sansCategorie;0;sansCategorie;0;;;;;
C'est difficile de se faire des amis;Oui;Non;rapportAuxAutres;-10;rapportAuxAutres;10;sansCategorie;0;sansCategorie;0;;;;;
Les relations sociales sont complexes;Oui;Non;rapportAuxAutres;-5;rapportAuxAutres;10;sansCategorie;0;sansCategorie;0;;;;;
Le hasard existe ;Oui;Non;sansCategorie;0;cartesien;10;sansCategorie;0;sansCategorie;0;;;;;
L'école sensibilise suffisament à l'importance de la politique en démocratie;Oui;Non;sansCategorie;0;sansCategorie;0;roleCitoyen;5;roleCitoyen;10;;;;;
Les jeunes devraient pouvoir voter plus tôt;Oui;Non;education;10;sansCategorie;0;sansCategorie;0;sansCategorie;0;;;;;
Les jeunes devraient pouvoir voter plus tard;Oui;Non;education;-10;sansCategorie;0;sansCategorie;0;sansCategorie;0;;;;;
Le retrait du droit de vote peut être une punition légitime;Oui;Non;fermete;10;fermete;-10;sansCategorie;0;sansCategorie;0;;;;;
Les élus devraient avoir obligatoirement un casier judiciaire vierge;Oui;Non;justice;10;justice;-10;morale;10;morale;-10;;;;;
Seul les crimes et non les délits devraient empêcher l'exercice de certains métiers;Oui;Non;justice;-10;justice;10;fermete;-10;fermete;10;;;;;
Au vu de l'urgence écologiqe, le nucléaire est la meilleure solution;Oui;Non;sansCategorie;0;sansCategorie;0;sansCategorie;0;sansCategorie;0;;;;;
Si tous les métiers payaient autant, personne ne voudrait faire certains métiers;Oui;Non;egaliteEquite;10;egaliteEquite;-10;roleCitoyen;-10;roleCitoyen;10;;;;;
Les élites nous cachent des choses capitales;Oui;Non;roleEtat;-10;roleEtat;10;sansCategorie;0;sansCategorie;0;;;;;
Les relations internationales sont régies par la loi de la jungle;Oui;Non;natureHumaine;-10;natureHumaine;10;cartesien;10;cartesien;-10;;;;;
Il est complétement naïf de croire en une paix mondiale;Oui;Non;cartesien;10;cartesien;-10;sansCategorie;0;sansCategorie;0;;;;;
La mondialisation agie plus au service de la paix que de la guerre;Oui;Non;capitaliste;10;capitaliste;-10;cartesien;10;cartesien;-10;;;;;
Si certaines conditions se réunissent, tu serais prêt à prendre les armes pour ton pays;Oui;Non;sansCategorie;0;sansCategorie;0;sansCategorie;0;sansCategorie;0;;;;;
L'humanité apprend de ses erreures;Oui;Non;natureHumaine;10;natureHumaine;-10;sansCategorie;0;sansCategorie;0;;;;;
Si travailler n'était pas obligatoire pour vivre, tu ne travaillerais pas;Oui;Non;rapportAuxAutres;-10;rapportAuxAutres;10;roleCitoyen;-10;roleCitoyen;10;;;;;
Peu importe la compétition, il est impossible de garantir une égalité des conditions entre participants;Oui;Non;egaliteEquite;-10;egaliteEquite;10;sansCategorie;0;sansCategorie;0;;;;;
Nous stressons plus que nos ancêtres ;Oui;Non;bonheur;-10;bonheur;10;sansCategorie;0;sansCategorie;0;;;;;
Le désir de reconnaissance est malsaint ;Oui;Non;ego;-10;ego;10;RapportASoi;10;RapportASoi;-10;;;;;
Vivre depuis assez longtemps dans un pays devrait systématiquement justifier l'obtention de la nationalité de celui-ci;Oui;Non;egaliteEquite;-10;egaliteEquite;10;justice;10;justice;-10;;;;;
Les rues sont moins sûres qu'avant;Oui;Non;fermete;10;fermete;-10;sansCategorie;0;sansCategorie;0;;;;;
Les caméras dans la rue te font sentir plus en sécurité;Oui;Non;fermete;10;fermete;-10;sansCategorie;0;sansCategorie;0;;;;;
Les patrouilles de police te font sentir plus en sécurité;Oui;Non;fermete;10;fermete;-10;sansCategorie;0;sansCategorie;0;;;;;
Tu te sens globalement en sécurité;Oui;Non;fermete;-10;fermete;10;sansCategorie;0;sansCategorie;0;;;;;
Il est possible de profondément changer la société en utilisant uniquement les outils démocratiques mis à notre disposition;Oui;Non;roleCitoyen;10;roleCitoyen;-10;roleEtat;10;roleEtat;-10;;;;;
La consommation de drogue devrait être légale;Oui;Non;morale;-10;morale;10;sansCategorie;0;sansCategorie;0;;;;;
Il est possible de trop se remmettre en question;Oui;Non;sansCategorie;0;sansCategorie;0;sansCategorie;0;sansCategorie;0;;;;;
Tout est politique;Oui;Non;sansCategorie;0;sansCategorie;0;sansCategorie;0;sansCategorie;0;;;;;
On banalise trop le sexe;Oui;Non;sansCategorie;0;sansCategorie;0;sansCategorie;0;sansCategorie;0;;;;;
Tu es en mesure de prouver de manière certaine et universelle l'existence matérielle de tous les objets qui t'entourent;Oui;Non;sansCategorie;0;sansCategorie;0;sansCategorie;0;sansCategorie;0;;;;;
Tu trouverais amusant de réaliser aujourd'hui que tu ne perçois pas le monde matériel comme les autres;Oui;Non;sansCategorie;0;sansCategorie;0;sansCategorie;0;sansCategorie;0;;;;;
La propriété privée est un droit fondamental;Oui;Non;capitaliste;10;capitaliste;-10;sansCategorie;0;sansCategorie;0;;;;;
Tous les humains à qui on donne trop de pouvoir ont des déviances ;Oui;Non;morale;10;morale;-10;natureHumaine;-10;natureHumaine;10;;;;;
La bière c'est de gauche et le vin c'est de droite;Oui;Non;sansCategorie;0;sansCategorie;0;sansCategorie;0;sansCategorie;0;;;;;
Le clivage gauche droite est désué;Oui;Non;sansCategorie;0;sansCategorie;0;sansCategorie;0;sansCategorie;0;;;;;
Placée dans un contexte propice, toute personne est un criminel en puissance;Oui;Non;natureHumaine;-10;natureHumaine;10;morale;10;morale;-10;;;;;
En général, la confiance est quelque chose qu'on acquiert ou qu'on perd ?;Qu'on acquiert;Qu'on perd;rapportAuxAutres;-10;rapportAuxAutres;10;sansCategorie;0;sansCategorie;0;;;;;
Faire aveuglément confiance à la science relève de la croyance;Oui;Non;cartesien;-10;cartesien;10;sansCategorie;0;sansCategorie;0;;;;;
La notion de mauvais goût est une notion méprisante;Oui;Non;art;-5;art;5;sansCategorie;0;sansCategorie;0;;;;;
Il existe des sous cultures;Oui;Non;art;-10;art;10;sansCategorie;0;sansCategorie;0;;;;;
La police devrait être désarmée;Oui;Non;fermete;-10;sansCategorie;0;sansCategorie;0;sansCategorie;0;;;;;
Les fumeurs  tiennent moins à la vie que les non fumeurs;Oui;Non;sansCategorie;0;sansCategorie;0;sansCategorie;0;sansCategorie;0;;;;;
La consommation de viande ne pose problème que parce qu'elle se fait en masse;Oui;Non;tradiProgres;-10;tradiProgres;10;sansCategorie;0;sansCategorie;0;;;;;
Interdire c'est inciter;Oui;Non;natureHumaine;5;natureHumaine;-5;sansCategorie;0;sansCategorie;0;;;;;
Faire simple est plus complexe que faire compliqué;Oui;Non;sansCategorie;0;sansCategorie;0;sansCategorie;0;sansCategorie;0;;;;;
La majorité des gens sont idiots;Oui;Non;rapportAuxAutres;-10;rapportAuxAutres;10;sansCategorie;0;sansCategorie;0;;;;;
Tu crois au karma;Oui;Non;spiritualite;10;spiritualite;-10;sansCategorie;0;sansCategorie;0;;;;;
Un cancer c'est le résulrat d'un corps malmené qui se désolidarise de son propriétaire;Oui;Non;spiritualite;10;spiritualite;-10;sansCategorie;0;sansCategorie;0;;;;;
L'humain est plutôt un corps ou plutôt un esprit ?;Un corps;Un esprit;natureHumaine;5;natureHumaine;-5;sansCategorie;0;sansCategorie;0;;;;;
Certaines formes de douleurs sont bonnes;Oui;Non;spiritualite;5;spiritualite;-5;sansCategorie;0;sansCategorie;0;;;;;
Chaque sensation corporelle est un message sensé et interprétable;Oui;Non;cartesien;10;cartesien;-10;sansCategorie;0;sansCategorie;0;;;;;
Le progrès technique crée plus d'emploi qu'il n'en détruit;Oui;Non;cartesien;10;cartesien;-10;tradiProgres;10;tradiProgres;-10;;;;;
Les nouveaux riches ont un syndrôme de stockholm ;Oui;Non;sansCategorie;0;sansCategorie;0;sansCategorie;0;sansCategorie;0;;;;;
On peut rire de tout;Oui;Non;morale;-10;morale;10;sansCategorie;0;sansCategorie;0;;;;;
On peut débattre de tout;Oui;Non;morale;-10;morale;10;sansCategorie;0;sansCategorie;0;;;;;
100 humains peuvent battre un gorille;Oui;Non;sansCategorie;0;sansCategorie;0;sansCategorie;0;sansCategorie;0;;;;;
Monter des escaliers fatigue plus que monter une pente;Oui;Non;sansCategorie;0;sansCategorie;0;sansCategorie;0;sansCategorie;0;;;;;
Dans un trajet qu'est-ce qui passe le plus vite, l'aller ou le retour ?;L'aller;Le retour;sansCategorie;0;sansCategorie;0;sansCategorie;0;sansCategorie;0;;;;;
Pouvoir se représenter à des éléctions devrait être impossible;Oui;Non;justice;10;justice;-10;roleEtat;10;roleEtat;-10;;;;;
Il est possible de changer le plomb en or;Oui;Non;sansCategorie;0;sansCategorie;0;sansCategorie;0;sansCategorie;0;;;;;
Ne plus jamais pouvoir respirer par la bouche ou par le nez ?;Par la bouche;Par le nez;sansCategorie;0;sansCategorie;0;sansCategorie;0;sansCategorie;0;;;;;
Ne plus avoir de genoux ou ne plus avoir de coudes;Plus de genoux;Plus de coudes;sansCategorie;0;sansCategorie;0;sansCategorie;0;sansCategorie;0;;;;;
Les abysses cachent des choses totalement insoupsonnées;Oui;Non;cartesien;-5;cartesien;5;sansCategorie;0;sansCategorie;0;;;;;
C'est quand on s'ennuie que viennent les idées;Oui;Non;independance;10;independance;-5;sansCategorie;0;sansCategorie;0;;;;;
Savoir raconter les histoires est plus important qu'en avoir des bonnes à raconter;Oui;Non;art;-5;art;5;sansCategorie;0;sansCategorie;0;;;;;
Dans une chanson, la musique est plus importante que les paroles;Oui;Non;art;-5;art;5;sansCategorie;0;sansCategorie;0;;;;;
La culture du vide existe;Oui;Non;art;5;art;-5;sansCategorie;0;sansCategorie;0;;;;;
La maturité est uniquement une question d'âge;Oui;Non;sansCategorie;0;sansCategorie;0;sansCategorie;0;sansCategorie;0;;;;;
Les douleurs émotionnelles sont souvent plus violentes que les douleurs physiques ;Oui;Non;sansCategorie;0;sansCategorie;0;sansCategorie;0;sansCategorie;0;;;;;
"Est-ce que le mot ""toxique"" est sur-utilisé ? ";Oui;Non;tradiProgres;-5;tradiProgres;5;sansCategorie;0;sansCategorie;0;;;;;
Quelqu'un qui rit du malheur des autres fait forcément de cette personne quelqu'un d'immoral ;Oui;Non;morale;5;morale;-5;sansCategorie;0;sansCategorie;0;;;;;
Est-ce que vieillir te fait peur ? ;Oui;Non;bonheur;10;bonheur;-10;sansCategorie;0;sansCategorie;0;;;;;
Est-ce que tu aimerais voir un biopic sur ta vie ?;Oui;Non;ego;5;ego;-10;sansCategorie;0;sansCategorie;0;;;;;
Est-ce que tu t'es déjà surpris à être condescendant ? ;Oui;Non;rapportAuxAutres;-5;rapportAuxAutres;5;ego;5;ego;-5;;;;;
est-ce que tu as le sentiment de mentir plus que la moyenne ?;Oui;Non;rapportAuxAutres;-10;rapportAuxAutres;5;sansCategorie;0;sansCategorie;0;;;;;
Est-ce qu'il y a des gens en qui tu fais confiance aveuglément ? ;Oui;Non;rapportAuxAutres;10;rapportAuxAutres;-5;sansCategorie;0;sansCategorie;0;;;;;
Tu préferais te réincarner en humain ou en animal ?;En humain;En animal;spiritualite;-5;spiritualite;10;sansCategorie;0;sansCategorie;0;;;;;
Quel est le plus agaçant entre quelqu'un qui parle énormément ou quelqu'un qui parle très peu ?;Enormément;Très peu;sansCategorie;0;sansCategorie;0;sansCategorie;0;sansCategorie;0;;;;;
Tu peux facilement être vexé;Oui;Non;RapportASoi;-5;RapportASoi;10;sansCategorie;0;sansCategorie;0;;;;;
Le temps peut guérir toutes les blessures;Oui;Non;bonheur;10;bonheur;-10;sansCategorie;0;sansCategorie;0;;;;;
De manière générale tu privilégie plutôt la fréquence ou l'intensité ?;Fréquence;Intensité;sansCategorie;0;sansCategorie;0;sansCategorie;0;sansCategorie;0;;;;;
Est-ce que tu estimes te connaître à 100% ?;Oui;Non;ego;10;ego;-5;RapportASoi;5;RapportASoi;-5;;;;;
Lampadaire ou boule de bowling ?;Lampadaire;Boule de bolwing;sansCategorie;0;sansCategorie;0;sansCategorie;0;sansCategorie;0;;;;;
Te souviens-tu de tes rêves ?;Oui;Non;sansCategorie;0;sansCategorie;0;sansCategorie;0;sansCategorie;0;;;;;
Qui fais-tu passer en premier ?;Toi-même;Les autres;RapportASoi;10;RapportASoi;-5;sansCategorie;0;sansCategorie;0;;;;;
Te sens tu en paix avec toi même ?;Oui ;Non;RapportASoi;10;RapportASoi;-10;sansCategorie;0;sansCategorie;0;;;;;
Chateau de sable ou chateau de cartes;De sable;De cartes;sansCategorie;0;sansCategorie;0;sansCategorie;0;sansCategorie;0;;;;;
Tu as déjà commis des délits;Oui ;Non;justice;-5;justice;5;fermete;-5;fermete;5;;;;;
La propriété intellectuelle est un frein à l'innovation;Oui ;Non;capitaliste;-10;capitaliste;10;egaliteEquite;-10;egaliteEquite;10;;;;;
Quel est le plus désagréable : avoir trop chaud ou avoir trop froid;Trop chaud;Trop froid;sansCategorie;0;sansCategorie;0;sansCategorie;0;sansCategorie;0;;;;;
Tu sais ce qui te rend heureux;Oui ;Non;bonheur;10;bonheur;-5;RapportASoi;10;RapportASoi;-5;;;;;
Tu prèfères partir seul.e à la destination de tes rêves ou rester en vacances dans ta ville avec tes proches ?;Partir seul.e;Rester;RapportASoi;10;rapportAuxAutres;10;sansCategorie;0;sansCategorie;0;;;;;
Tu serais une moins bonne personne si tu étais riche;Oui ;Non;natureHumaine;-10;natureHumaine;10;capitaliste;-10;capitaliste;10;;;;;
Aux yeux de la société, quel est le pire entre ne jamais s'excuser et s'excuser tout le temps;Oui ;Non;sansCategorie;0;sansCategorie;0;sansCategorie;0;sansCategorie;0;;;;;
Tu es rancunier.ère;Oui ;Non;rapportAuxAutres;5;rapportAuxAutres;-5;fermete;5;fermete;-5;;;;;
Certains tests de personnalités sont fiables;Oui ;Non;sansCategorie;0;sansCategorie;0;sansCategorie;0;sansCategorie;0;;;;;
